type,description,adiabatic index,density kg/m^3,force J/kg,covolume m^3/kg,pressure exponent,burnrate coefficient m/s/Pa^-n,isochoric adb flame temp K
M1,"Single Base,AMCP 706-150,ADA043778,*85.00% Nitrocellulose (13.15%N), 10.00% Dinitrotloluene,  5.00% Dibutylphthalate,  1.00% Diphenylamine",1.2593,1569,911700,1.104e-3,0.951,1.078e-9,2417
M2,"Double Base,AMCP 706-150,ADA043778,*77.45% Nitrocellulose (13.25%N),*19.50% Nitroglycerin,  1.40% Barium Nitrate,  0.75% Potassium Nitrate,  0.60% Ethyl Centralite,  0.30% Graphite",1.2238,1652,1076000,1.008e-3,0.933,3.540e-9,3319
M5,"Double Base,AMCP 706-150,ADA043778,*81.95% Nitrocellulose (13.25%N),*15.00% Nitroglycerin,  1.40% Barium Nitrate,  0.75% Potassium Nitrate,  0.60% Ethyl Centralite,  0.30% Graphite",1.2238,1650,1061000,9.942e-4,0.948,2.504e-9,3245
M6,"Single Base,AMCP 706-150,ADA043778,*87.00% Nitrocellulose (13.15%N), 10.00% Dinitrotoluene,  3.00% Dibutylphthalate,  1.00% Diphenylamine",1.2543,1581,947500,1.081e-3,0.949,1.272e-9,2570
M8,"Double Base,AMCP 706-150,ADA043778,*52.15% Nitrocellulose (13.25%N),*43.00% Nitroglycerin,  3.00% Diethylphthalate,  1.25% Potassium Nitrate,  0.60% Ethyl Centralite",1.2148,1620,1142000,9.621e-4,0.874,1.346e-8,3695
M10,"Single Base,AMCP 706-150,ADA043778,*98.00% Nitrocellulose (13.15%N),  1.00% Potassium Sulfate,  1.00% Diphenylamine, <0.10% Graphite",1.2342,1670,1013000,1.003e-3,0.921,2.562e-9,3000
M17,"Triple Base,AMCP 706-150,ADA043778,*54.70% Nitroguanidine,*22.00% Nitrocellulose (13.15%N),*21.50% Nitroglycerin,  1.50% Ethyl Centralite,  0.30% Cryolite,  0.10% Graphite",1.2402,1669,1088000,1.066e-3,0.836,1.477e-8,3017
M30,"Triple Base,TM 9-1300-214,ADA060027,*47.70% Nitroguanidine,*28.00% Nitrocellulose (12.60%N),*22.50% Nitroglycerin,  1.50% Ethyl Centralite,  0.10% Graphite,  0.30% Cryolite",1.2385,1660,1088000,1.057e-3,0.933,2.9368e-9,3040
M31,"Triple Base,TM 9-1300-214,ADA147802,*54.70% Nitroguanidine,*20.00% Nitrocellulose (12.60%N),*19.00% Nitroglycerin,  4.50% Dibutylphthalate,  1.50% Ethyl Centralite,  0.30% Cryolite",1.2527,1640,998300,1.115e-3,0.78787,2.5451e-8,2599
JA2,"Modified Double Base,Manning et al.(2013),*59.50% Nitrocellulose (13.20%N),*24.80% Diethylene Glycol Dinitrate,*14.90% Nitroglycerin,  0.70% Akardite II,  0.10% Graphite,",1.23,1565,1153000,0.980e-3,0.84740,1.63853e-8,3458
JA2 EQUIV,"Modified Double Base (Solventless Extrusion),Manning et al.(2013; 4% wt.plasticizer),*54.40% Nitrocellulose (13.20%N),*23.10% Diethylene Glycol Dinitrate,*17.90% Nitroglycerin,  0.60% Akardite II,  0.10% Carbon,  4.00% Plasticizer",1.23,1532,1120000,1.01e-3,0.962,1.7412e-9,3229
XM39,"Nitramine,Hsien (1998),ARL-TR-2551,Original Research CV @ 0.2g/cc, 76.00% (5um RDX) Hexogen, 12.00% Cellulose Acetate Butyrate,  7.60% Acetyl Triethyl Citrate,  4.00% Nitrocellulose (12.60%N),  0.40% Ethyl Centralite",1.268,1636,1057100,1.029e-3,0.92,1.4737e-9,2636
M43,"Nitramine,Hsien (1998),ARL-TR-2551,Original Research CV @ 0.2g/cc, 76.00% (5um RDX) Hexogen, 12.00% Cellulose Acetate Butyrate,  7.60% Butyrateis-(dinitropropyl)acetal,  4.00% Nitrocellulose (12.60%N),  0.40% Ethyl Centralite",1.259,1655,1173000,9.933e-4,0.82,1.022e-8,3052
ATK PRD20,"RDX/NENA Multi Base,US Patent 6241833 (90F/32C),covolume est @.1g/cc,*41.90% Nitrocellulose (12.60%N),*25.71% (5 um RDX) Hexogen,*14.00% Methyl NENA,*10.00% Ethyl NENA, *7.69% Nitroglycerin,  0.70% others",1.2366,1624,1205600,1.023e-03,0.986,1.010e-9,3372
ATK PRD(S)21,"RDX/NENA Multi Base,US Patent 6241833 (90F/32C),covolume est @.1g/cc,*36.48% Nitrocellulose (12.60%N),*30.33% (5 um RDX) Hexogen,*13.44% Methyl NENA, *9.57% Ethyl NENA, *9.46% Nitroglycerin,  0.72% others",1.2349,1634,1226100,1.018e-03,1.035,4.131e-10,3451
ATK PRD(S)22,"RDX/NENA Multi Base,US Patent 6241833 (90F/32C),covolume est @.1g/cc,*34.08% (5 um RDX) Hexogen,*31.11% Nitrocellulose (12.60%N),*12.58% Nitroglycerin,*12.57% Methyl NENA, *8.94% Ethyl NENA,  0.72% others",1.2324,1643,1249100,1.011e-03,1.050,3.328e-10,3551
HEMRL (India) LOVA,"RDX in Inert Binder,Pillai et al.(2001), 78.00% (4.5 um RDX) Hexogen, 12.00% Cellulose Acetate,  5.80% Triacetin,  4.00% Nitrocellulose (12.20%N),  0.20% Ethyl Centralite",1.262,1650,1105000,1.042e-3,0.82,8.7765e-9,2888
